{"stats":{"minecraft:killed":{"born_in_chaos_v1:zombie_lumberjack":1,"born_in_chaos_v1:decrepit_skeleton":4,"born_in_chaos_v1:baby_skeleton_minion":2,"born_in_chaos_v1:maggot":2,"minecraft:skeleton":1,"minecraft:zombie":4,"artifacts:mimic":1},"minecraft:custom":{"minecraft:interact_with_furnace":3,"minecraft:mob_kills":15,"minecraft:interact_with_crafting_table":6,"minecraft:open_barrel":6,"minecraft:damage_dealt_resisted":40,"minecraft:leave_game":8,"minecraft:time_since_death":35477,"minecraft:time_since_rest":34056,"minecraft:sprint_one_cm":110306,"minecraft:damage_taken":2070,"minecraft:walk_one_cm":94356,"minecraft:drop":19,"minecraft:damage_dealt":2922,"minecraft:swim_one_cm":17148,"minecraft:fly_one_cm":221151,"minecraft:open_chest":1,"minecraft:crouch_one_cm":8576,"minecraft:play_time":82598,"tombstone:undead_killed":12,"minecraft:deaths":6,"minecraft:sneak_time":2872,"minecraft:walk_under_water_one_cm":5930,"minecraft:jump":1044,"minecraft:walk_on_water_one_cm":1051,"minecraft:total_world_time":82598,"minecraft:fall_one_cm":34601},"minecraft:picked_up":{"minecraft:coarse_dirt":3,"born_in_chaos_v1:corpse_maggot":1,"minecraft:crafting_table":1,"simplefarming:pea_seeds":3,"minecraft:andesite":4,"born_in_chaos_v1:spiritual_dust":2,"born_in_chaos_v1:seedof_chaos":2,"simplefarming:rye_seeds":1,"minecraft:lapis_lazuli":24,"minecraft:dirt":15,"simplefarming:grape_seeds":1,"minecraft:bone":8,"minecraft:blackstone":1,"minecraft:wheat_seeds":12,"minecraft:gold_nugget":10,"minecraft:iron_ingot":20,"minecraft:bamboo":11,"minecraft:acacia_sapling":1,"minecraft:mangrove_log":2,"minecraft:furnace":1,"minecraft:raw_iron":72,"simplefarming:peanut_seeds":1,"minecraft:stick":8,"simplefarming:banana":5,"simplefarming:radish_seeds":1,"minecraft:oak_fence":1,"minecraft:torch":12,"simplefarming:blueberries":4,"minecraft:amethyst_shard":9,"tombstone:grave_dust":1,"minecraft:white_bed":2,"minecraft:barrel":4,"simplefarming:blackberries":1,"artifacts:helium_flamingo":1,"minecraft:arrow":1,"minecraft:rotten_flesh":8,"minecraft:cherry_sapling":1,"supplementaries:ash":11,"minecraft:coal":70,"minecraft:cobblestone":20},"minecraft:used":{"simplefarming:banana":5,"minecraft:stone_sword":85,"minecraft:stone_pickaxe":132,"minecraft:blackstone":1,"minecraft:rotten_flesh":1,"simplefarming:strawberries":3,"minecraft:torch":34,"minecraft:dirt":15,"minecraft:crafting_table":2,"simplefarming:blackberries":1,"simplefarming:blueberries":4,"minecraft:iron_pickaxe":25,"minecraft:stone_axe":6,"minecraft:cobblestone":9,"minecraft:furnace":1,"minecraft:andesite":4,"tombstone:gift":4,"minecraft:coarse_dirt":1,"minecraft:acacia_planks":2},"minecraft:killed_by":{"artifacts:mimic":1},"minecraft:dropped":{"minecraft:wheat_seeds":12,"minecraft:coarse_dirt":2,"alexsmobs:animal_dictionary":1,"simplefarming:radish_seeds":1,"minecraft:rotten_flesh":6,"simplefarming:peanut_seeds":1,"simplefarming:grape_seeds":1,"simplefarming:pea_seeds":3,"minecraft:dirt":1,"minecraft:acacia_sapling":1,"tombstone:grave_dust":1},"minecraft:mined":{"minecraft:white_bed":2,"minecraft:blackstone":1,"minecraft:oak_fence":1,"minecraft:crafting_table":1,"minecraft:torch":3,"minecraft:grass_block":12,"minecraft:tall_grass":36,"minecraft:lapis_ore":3,"supplementaries:urn":7,"minecraft:coarse_dirt":3,"minecraft:furnace":1,"minecraft:iron_ore":73,"minecraft:barrel":4,"minecraft:fire":16,"minecraft:andesite":4,"minecraft:grass":113,"minecraft:coal_ore":39,"minecraft:dirt":2,"minecraft:bamboo":1,"minecraft:stone":19,"minecraft:oak_leaves":2},"minecraft:broken":{"minecraft:stone_pickaxe":1},"minecraft:crafted":{"minecraft:crafting_table":2,"minecraft:furnace":1,"minecraft:air":0,"minecraft:stick":12,"minecraft:iron_ingot":26,"minecraft:iron_pickaxe":1,"minecraft:acacia_planks":96,"minecraft:torch":36}},"DataVersion":3465}