{"stats":{"minecraft:killed":{"born_in_chaos_v1:restless_spirit":2,"born_in_chaos_v1:zombie_lumberjack":2,"minecraft:spider":2,"aquaculture:smallmouth_bass":2,"quark:toretoise":1,"born_in_chaos_v1:siamese_skeletonsright":2,"quark:forgotten":1,"born_in_chaos_v1:baby_skeleton_minion":1,"born_in_chaos_v1:maggot":11,"aquaculture:catfish":1,"minecraft:skeleton":5,"born_in_chaos_v1:corpse_fish":3,"artifacts:mimic":4,"born_in_chaos_v1:spiritof_chaos":1,"born_in_chaos_v1:bonescaller":1,"minecraft:zombie_villager":2,"born_in_chaos_v1:diamond_termite":5,"born_in_chaos_v1:baby_skeleton":3,"minecraft:creeper":2,"born_in_chaos_v1:decrepit_skeleton":3,"minecraft:sheep":4,"minecraft:zombie":30,"born_in_chaos_v1:dread_hound":5,"born_in_chaos_v1:corpse_fly":4,"alexsmobs:gazelle":1,"born_in_chaos_v1:dark_vortex":1,"born_in_chaos_v1:siamese_skeletonsleft":2,"minecraft:cow":1},"minecraft:custom":{"minecraft:interact_with_anvil":5,"minecraft:mob_kills":106,"minecraft:interact_with_crafting_table":35,"minecraft:open_barrel":50,"minecraft:damage_dealt_resisted":361,"minecraft:eat_cake_slice":2,"minecraft:leave_game":3,"minecraft:time_since_death":58111,"minecraft:climb_one_cm":8769,"minecraft:sprint_one_cm":356177,"minecraft:walk_one_cm":442580,"minecraft:drop":84,"minecraft:damage_dealt_absorbed":80,"minecraft:talked_to_villager":4,"minecraft:play_time":155078,"minecraft:sneak_time":21352,"minecraft:deaths":7,"minecraft:walk_under_water_one_cm":21296,"minecraft:jump":3679,"minecraft:interact_with_blast_furnace":28,"minecraft:walk_on_water_one_cm":37995,"minecraft:total_world_time":155078,"minecraft:interact_with_furnace":26,"minecraft:interact_with_cartography_table":4,"minecraft:interact_with_grindstone":1,"minecraft:interact_with_stonecutter":1,"minecraft:sleep_in_bed":6,"minecraft:time_since_rest":2173,"minecraft:damage_taken":5487,"tombstone:sneak_grave":6,"minecraft:damage_dealt":18506,"minecraft:swim_one_cm":45971,"minecraft:fly_one_cm":537721,"minecraft:open_chest":41,"minecraft:crouch_one_cm":64376,"tombstone:undead_killed":52,"minecraft:interact_with_smoker":8,"minecraft:fall_one_cm":109632},"minecraft:picked_up":{"minecraft:crafting_table":12,"born_in_chaos_v1:diamond_termite_shard":5,"minecraft:anvil":1,"aquaculture:catfish":1,"born_in_chaos_v1:seedof_chaos":2,"minecraft:smithing_table":1,"minecraft:gold_block":1,"minecraft:brewing_stand":1,"minecraft:string":4,"minecraft:zombie_head":2,"minecraft:blackstone":86,"minecraft:gold_nugget":49,"minecraft:smooth_stone":16,"minecraft:bucket":1,"minecraft:beef":2,"minecraft:iron_nugget":89,"minecraft:light_gray_wool":1,"minecraft:spruce_trapdoor":3,"minecraft:sugar_cane":8,"minecraft:mangrove_log":1,"minecraft:iron_boots":1,"minecraft:furnace":11,"minecraft:stick":3,"minecraft:raw_iron":94,"minecraft:oak_fence":1,"minecraft:torch":204,"minecraft:acacia_log":12,"simplefarming:raspberries":1,"minecraft:cherry_log":2,"tombstone:grave_dust":12,"minecraft:carrot":165,"quark:ancient_tome":1,"minecraft:arrow":20,"minecraft:rotten_flesh":39,"minecraft:decorated_pot":1,"simplefarming:strawberries":7,"supplementaries:antique_ink":4,"minecraft:hay_block":22,"artifacts:running_shoes":1,"minecraft:gold_ingot":32,"supplementaries:ash":156,"minecraft:obsidian":11,"minecraft:mutton":8,"minecraft:bone_block":8,"minecraft:rail":3,"minecraft:white_wool":2,"minecraft:cobblestone":26,"born_in_chaos_v1:fused_bone":6,"born_in_chaos_v1:corpse_maggot":4,"minecraft:magma_block":1,"born_in_chaos_v1:black_argillite_column_slab":1,"simplefarming:soybean_seeds":1,"born_in_chaos_v1:monster_flesh":8,"minecraft:glow_ink_sac":7,"born_in_chaos_v1:spiritual_dust":3,"minecraft:andesite":2,"minecraft:brown_wool":1,"minecraft:leather":6,"minecraft:potato":204,"minecraft:smoker":3,"quark:music_disc_rain":3,"artifacts:superstitious_hat":2,"supplementaries:flax_seeds":12,"minecraft:magenta_bed":1,"minecraft:gunpowder":4,"minecraft:lapis_lazuli":41,"minecraft:dirt":6,"quark:forgotten_hat":1,"born_in_chaos_v1:monster_skin":6,"born_in_chaos_v1:marigolds":1,"minecraft:bone":89,"minecraft:grindstone":1,"minecraft:bow":1,"minecraft:raw_gold":30,"minecraft:iron_ingot":29,"minecraft:cobweb":4,"minecraft:bamboo":16,"minecraft:gray_bed":6,"minecraft:acacia_sapling":2,"artifacts:obsidian_skull":1,"aquaculture:smallmouth_bass":2,"minecraft:smooth_basalt":1,"minecraft:pumpkin":4,"born_in_chaos_v1:ethereal_spirit":4,"minecraft:poisonous_potato":2,"simplefarming:blueberries":4,"born_in_chaos_v1:dark_rod":1,"minecraft:amethyst_shard":27,"minecraft:blast_furnace":10,"minecraft:white_bed":3,"minecraft:spider_eye":5,"alexsmobs:animal_dictionary":1,"minecraft:diamond":44,"minecraft:bread":8,"minecraft:emerald":25,"minecraft:baked_potato":1,"minecraft:oak_sapling":3,"tombstone:magic_scroll":1,"born_in_chaos_v1:rotten_fish":1,"minecraft:coal":249},"minecraft:used":{"minecraft:oak_fence":1,"born_in_chaos_v1:ethereal_spirit":2,"minecraft:decorated_pot":1,"minecraft:torch":313,"minecraft:dirt":6,"minecraft:carrot":7,"simplefarming:blueberries":4,"minecraft:acacia_sapling":2,"simplefarming:raspberries":1,"born_in_chaos_v1:black_argillite_column_slab":1,"minecraft:iron_axe":243,"aquaculture:catfish":1,"minecraft:smooth_basalt":1,"minecraft:diamond_chestplate":1,"minecraft:gunpowder":2,"minecraft:magma_block":1,"supplementaries:ash":33,"minecraft:oak_sapling":3,"minecraft:furnace":2,"minecraft:gray_bed":5,"tombstone:gift":8,"minecraft:potato":1,"minecraft:cooked_beef":2,"minecraft:iron_leggings":1,"minecraft:cooked_mutton":8,"minecraft:water_bucket":4,"minecraft:stone_pickaxe":90,"minecraft:baked_potato":8,"minecraft:blackstone":70,"quark:forgotten_hat":1,"minecraft:wooden_pickaxe":62,"simplefarming:strawberries":7,"minecraft:rail":3,"minecraft:magenta_bed":1,"minecraft:crafting_table":14,"minecraft:blast_furnace":7,"minecraft:white_bed":2,"minecraft:smoker":2,"minecraft:diamond_pickaxe":13,"minecraft:zombie_head":1,"minecraft:bread":42,"minecraft:iron_pickaxe":283,"minecraft:spruce_trapdoor":3,"born_in_chaos_v1:marigolds":1,"minecraft:stone_axe":69,"minecraft:cobblestone":12,"born_in_chaos_v1:rotten_fish":1,"aquaculture:smallmouth_bass":2,"minecraft:andesite":2,"minecraft:bucket":5,"alexsmobs:animal_dictionary":2,"minecraft:bone_meal":267},"minecraft:killed_by":{"minecraft:skeleton":1},"minecraft:dropped":{"minecraft:lapis_lazuli":33,"minecraft:glow_ink_sac":7,"minecraft:poisonous_potato":1,"quark:music_disc_rain":3,"minecraft:stick":2,"born_in_chaos_v1:monster_flesh":8,"simplefarming:soybean_seeds":1,"born_in_chaos_v1:monster_skin":1,"minecraft:brown_wool":1,"born_in_chaos_v1:fused_bone":2,"minecraft:zombie_head":1,"minecraft:gold_nugget":7,"minecraft:amethyst_shard":6,"minecraft:pumpkin":2,"minecraft:smooth_stone":2,"minecraft:paper":5,"minecraft:white_wool":2,"minecraft:bucket":1,"minecraft:furnace":3,"minecraft:anvil":1,"minecraft:blackstone":16,"minecraft:iron_nugget":5,"alexsmobs:animal_dictionary":2,"minecraft:raw_iron":6,"minecraft:rotten_flesh":39,"minecraft:light_gray_wool":1,"minecraft:iron_boots":1,"supplementaries:antique_ink":4,"supplementaries:flax_seeds":11,"supplementaries:ash":102,"born_in_chaos_v1:corpse_maggot":4,"minecraft:spider_eye":5,"minecraft:arrow":5,"minecraft:bow":1},"minecraft:mined":{"minecraft:white_bed":3,"minecraft:deepslate_diamond_ore":43,"farmersdelight:wild_carrots":8,"minecraft:brewing_stand":1,"born_in_chaos_v1:infected_diamond_ore":3,"minecraft:obsidian":11,"minecraft:spruce_trapdoor":3,"minecraft:acacia_log":12,"minecraft:grass_block":4,"minecraft:decorated_pot":1,"minecraft:hay_block":22,"minecraft:smooth_stone":8,"minecraft:magma_block":1,"minecraft:furnace":4,"minecraft:iron_ore":55,"minecraft:fire":9,"minecraft:andesite":2,"minecraft:pumpkin":2,"minecraft:anvil":1,"minecraft:deepslate_lapis_ore":1,"supplementaries:gunpowder":2,"minecraft:gold_block":1,"minecraft:deepslate_iron_ore":56,"minecraft:rail":1,"minecraft:bamboo":1,"minecraft:stone":26,"minecraft:smithing_table":1,"born_in_chaos_v1:marigolds":1,"minecraft:blackstone":92,"minecraft:smoker":3,"minecraft:amethyst_cluster":2,"minecraft:oak_fence":1,"minecraft:crafting_table":12,"minecraft:torch":17,"minecraft:emerald_ore":1,"minecraft:blast_furnace":10,"supplementaries:wild_flax":2,"born_in_chaos_v1:black_argillite_column_slab":1,"minecraft:tall_grass":4,"minecraft:deepslate_gold_ore":56,"minecraft:lapis_ore":4,"minecraft:grindstone":1,"minecraft:sugar_cane":3,"minecraft:wall_torch":11,"supplementaries:urn":109,"minecraft:seagrass":1,"minecraft:magenta_bed":1,"minecraft:gray_bed":6,"minecraft:grass":8,"minecraft:coal_ore":77,"quark:monster_box":1,"minecraft:dirt":2,"minecraft:smooth_basalt":4,"minecraft:zombie_wall_head":1,"minecraft:gold_ore":6,"minecraft:oak_leaves":6,"minecraft:deepslate":1},"minecraft:broken":{"minecraft:wooden_pickaxe":1,"minecraft:iron_axe":1,"minecraft:iron_pickaxe":1},"minecraft:crafted":{"minecraft:golden_carrot":15,"minecraft:furnace":1,"minecraft:blast_furnace":2,"minecraft:bone_meal":267,"minecraft:cooked_mutton":8,"quark:acacia_chest":1,"minecraft:iron_boots":1,"minecraft:leather":8,"minecraft:iron_axe":1,"tombstone:grave_key":1,"minecraft:iron_hoe":1,"minecraft:stone_pickaxe":1,"sophisticatedbackpacks:iron_backpack":1,"minecraft:wheat":90,"minecraft:cooked_beef":2,"sophisticatedbackpacks:backpack":1,"minecraft:crafting_table":3,"minecraft:baked_potato":41,"minecraft:wooden_pickaxe":1,"minecraft:iron_helmet":1,"sophisticatedbackpacks:gold_backpack":1,"minecraft:mangrove_planks":4,"minecraft:bucket":1,"minecraft:stone_axe":1,"minecraft:bread":30,"minecraft:air":0,"minecraft:diamond_pickaxe":1,"minecraft:gold_nugget":126,"sophisticatedbackpacks:diamond_backpack":1,"minecraft:stick":56,"minecraft:iron_ingot":98,"minecraft:iron_pickaxe":2,"minecraft:iron_block":6,"minecraft:gold_ingot":36,"minecraft:acacia_planks":48,"minecraft:torch":124,"minecraft:diamond_chestplate":1}},"DataVersion":3465}