{"stats":{"minecraft:killed":{"minecraft:spider":7,"born_in_chaos_v1:baby_skeleton_minion":2,"born_in_chaos_v1:maggot":9,"minecraft:skeleton":6,"born_in_chaos_v1:barrel_zombie":2,"born_in_chaos_v1:bonescaller":1,"minecraft:wandering_trader":1,"minecraft:creeper":1,"born_in_chaos_v1:decrepit_skeleton":5,"born_in_chaos_v1:bloody_gadfly":1,"minecraft:zombie":11,"born_in_chaos_v1:corpse_fly":1,"alexsmobs:fly":2,"minecraft:enderman":1},"minecraft:custom":{"minecraft:mob_kills":50,"minecraft:interact_with_crafting_table":53,"minecraft:open_barrel":19,"minecraft:damage_dealt_resisted":395,"minecraft:leave_game":7,"minecraft:time_since_death":3935,"minecraft:climb_one_cm":5317,"minecraft:sprint_one_cm":719356,"minecraft:walk_one_cm":1263873,"minecraft:drop":41,"minecraft:damage_dealt_absorbed":80,"minecraft:talked_to_villager":1,"minecraft:play_time":403547,"minecraft:sneak_time":4608,"minecraft:deaths":6,"minecraft:walk_under_water_one_cm":24209,"minecraft:jump":6352,"minecraft:walk_on_water_one_cm":40163,"minecraft:total_world_time":403547,"minecraft:interact_with_furnace":44,"minecraft:sleep_in_bed":18,"minecraft:time_since_rest":1536,"minecraft:damage_taken":3486,"tombstone:sneak_grave":1,"minecraft:damage_dealt":8631,"minecraft:swim_one_cm":114003,"minecraft:fly_one_cm":1415467,"minecraft:open_chest":80,"minecraft:crouch_one_cm":15364,"tombstone:undead_killed":27,"tombstone:villager_killed":1,"minecraft:fall_one_cm":159322,"minecraft:horse_one_cm":12020},"minecraft:picked_up":{"minecraft:crafting_table":3,"minecraft:birch_door":10,"simplefarming:pea_seeds":2,"minecraft:allium":1,"minecraft:wheat":79,"minecraft:azure_bluet":8,"minecraft:stone_slab":16,"minecraft:lead":3,"minecraft:brown_bed":1,"minecraft:enchanted_book":1,"born_in_chaos_v1:bloody_gadfly_eye":1,"tombstone:grave_key":1,"minecraft:string":8,"simplefarming:zucchini_seeds":2,"minecraft:raw_copper":30,"simplefarming:sorghum_seeds":5,"minecraft:iron_leggings":1,"minecraft:cobblestone_slab":1,"minecraft:azalea":2,"minecraft:melon_slice":45,"minecraft:sugar_cane":24,"minecraft:birch_sapling":23,"simplefarming:spinach_seeds":2,"minecraft:egg":1,"minecraft:stick":28,"minecraft:raw_iron":8,"minecraft:oak_door":1,"simplefarming:cantaloupe_seeds":1,"minecraft:composter":2,"simplefarming:yam_seeds":2,"tombstone:grave_dust":5,"minecraft:carrot":49,"minecraft:prismarine_crystals":3,"simplefarming:eggplant_seeds":2,"minecraft:arrow":4,"minecraft:rotten_flesh":21,"simplefarming:pepper_seeds":1,"minecraft:decorated_pot":1,"simplefarming:strawberries":12,"simplefarming:ginger_seeds":3,"sophisticatedbackpacks:copper_backpack":1,"supplementaries:ash":4,"minecraft:obsidian":14,"minecraft:cobblestone":915,"minecraft:birch_log":70,"born_in_chaos_v1:corpse_maggot":10,"simplefarming:soybean_seeds":1,"born_in_chaos_v1:spiritual_dust":2,"minecraft:andesite":17,"minecraft:potato":60,"minecraft:birch_planks":64,"simplefarming:rye_seeds":2,"minecraft:oak_log":81,"minecraft:yellow_bed":3,"minecraft:gunpowder":2,"minecraft:cobblestone_stairs":49,"simplefarming:broccoli_seeds":1,"minecraft:dirt":277,"tombstone:gift":1,"minecraft:bone":12,"minecraft:kelp":1,"minecraft:wheat_seeds":233,"simplefarming:kenaf_seeds":2,"simplefarming:lettuce_seeds":1,"simplefarming:honeydew_seeds":3,"tombstone:bag_of_seeds":1,"simplefarming:tomato_seeds":1,"minecraft:oak_planks":11,"minecraft:flowering_azalea":1,"simplefarming:rice_seeds":3,"minecraft:pumpkin":3,"minecraft:dandelion":2,"minecraft:gravel":5,"minecraft:grass_block":1,"minecraft:ink_sac":3,"simplefarming:squash_seeds":2,"quark:oak_chest":2,"minecraft:spider_eye":1,"minecraft:slime_ball":1,"simplefarming:sweet_potato_seeds":1,"minecraft:cherry_sapling":1,"alexsmobs:maggot":3,"simplefarming:cotton_seeds":2,"minecraft:oak_sapling":4,"simplefarming:cassava_seeds":1,"minecraft:melon_seeds":1,"minecraft:coal":30,"minecraft:ender_pearl":1,"minecraft:sunflower":24},"minecraft:used":{"minecraft:stone_shovel":232,"minecraft:stone":25,"minecraft:iron_sword":200,"minecraft:oak_door":3,"minecraft:torch":8,"minecraft:dirt":114,"minecraft:carrot":40,"minecraft:allium":1,"minecraft:axolotl_bucket":1,"minecraft:birch_door":10,"minecraft:wooden_axe":41,"minecraft:birch_sapling":9,"minecraft:melon_seeds":7,"simplefarming:honeydew_seeds":1,"minecraft:cooked_cod":3,"minecraft:furnace":2,"tombstone:gift":9,"minecraft:potato":35,"minecraft:wheat_seeds":3,"minecraft:water_bucket":2,"minecraft:cobblestone_stairs":49,"minecraft:birch_planks":228,"minecraft:stone_pickaxe":1072,"minecraft:baked_potato":19,"minecraft:oak_planks":31,"minecraft:wooden_pickaxe":4,"minecraft:cobblestone_slab":1,"minecraft:sugar_cane":24,"simplefarming:strawberries":11,"minecraft:crafting_table":5,"tombstone:bag_of_seeds":1,"minecraft:oak_log":5,"minecraft:wooden_hoe":13,"minecraft:apple":2,"minecraft:bread":19,"minecraft:melon_slice":21,"minecraft:gravel":5,"minecraft:stone_axe":195,"minecraft:cobblestone":538,"minecraft:bucket":2,"minecraft:yellow_bed":2,"quark:oak_chest":4,"alexsmobs:animal_dictionary":1,"minecraft:dandelion":2,"minecraft:bone_meal":51},"minecraft:dropped":{"minecraft:bread":2,"minecraft:wheat_seeds":8,"minecraft:baked_potato":8,"minecraft:glass_bottle":8,"minecraft:crafting_table":1,"minecraft:stick":1,"simplefarming:zucchini_seeds":1,"minecraft:dirt":5,"simplefarming:rye_seeds":1,"tombstone:grave_key":4,"minecraft:melon_slice":21,"minecraft:potion":1,"simplefarming:spinach_seeds":1,"minecraft:string":15,"simplefarming:squash_seeds":1,"minecraft:bone":1,"minecraft:oak_door":1,"minecraft:birch_sapling":3,"minecraft:obsidian":14,"born_in_chaos_v1:spiritual_dust":1,"minecraft:carrot":17,"supplementaries:ash":2,"minecraft:azalea":2,"simplefarming:strawberries":1,"minecraft:brown_bed":1,"minecraft:spider_eye":1},"minecraft:mined":{"minecraft:oak_door":1,"minecraft:cobblestone_stairs":49,"farmersdelight:wild_carrots":6,"minecraft:allium":1,"minecraft:grass_block":212,"minecraft:decorated_pot":1,"minecraft:composter":2,"minecraft:large_fern":6,"minecraft:tall_seagrass":1,"minecraft:carrots":2,"minecraft:iron_ore":7,"minecraft:andesite":17,"minecraft:pumpkin":3,"minecraft:azure_bluet":8,"minecraft:brown_bed":1,"minecraft:potatoes":4,"minecraft:flowering_azalea_leaves":3,"minecraft:vine":7,"minecraft:cobblestone_slab":1,"minecraft:pink_tulip":2,"minecraft:azalea_leaves":6,"simplefarming:honeydew_stem":1,"minecraft:stone":630,"quark:oak_chest":2,"minecraft:melon_stem":7,"minecraft:dandelion":2,"minecraft:crafting_table":2,"minecraft:melon":4,"minecraft:stone_slab":16,"minecraft:copper_ore":8,"minecraft:tall_grass":285,"minecraft:cobblestone":287,"minecraft:oak_planks":11,"minecraft:sugar_cane":9,"minecraft:birch_sapling":1,"minecraft:birch_planks":64,"minecraft:birch_log":70,"minecraft:wheat":14,"minecraft:birch_leaves":12,"born_in_chaos_v1:river_mint":2,"minecraft:birch_door":10,"minecraft:yellow_bed":3,"minecraft:grass":291,"minecraft:oak_log":81,"minecraft:coal_ore":30,"minecraft:gravel":5,"minecraft:sunflower":24,"minecraft:dirt":60,"minecraft:cracked_stone_bricks":4,"minecraft:stone_bricks":1,"minecraft:oak_leaves":10,"minecraft:fern":9},"minecraft:broken":{"minecraft:stone_pickaxe":8,"minecraft:stone_axe":1,"minecraft:stone_shovel":1},"minecraft:crafted":{"minecraft:oak_door":3,"minecraft:oak_planks":268,"minecraft:stone_shovel":2,"minecraft:cobblestone_slab":6,"minecraft:furnace":2,"minecraft:cobblestone_stairs":44,"minecraft:stone":65,"minecraft:bone_meal":51,"minecraft:melon_seeds":2,"minecraft:stone_pickaxe":9,"minecraft:birch_door":6,"minecraft:cooked_cod":3,"minecraft:crafting_table":3,"minecraft:iron_helmet":1,"minecraft:wooden_pickaxe":1,"minecraft:baked_potato":33,"minecraft:iron_sword":1,"minecraft:birch_planks":280,"minecraft:pumpkin_seeds":12,"minecraft:stone_axe":2,"minecraft:bread":10,"minecraft:air":0,"minecraft:wooden_hoe":1,"minecraft:iron_chestplate":1,"minecraft:stick":48,"quark:oak_chest":2,"minecraft:iron_ingot":13,"minecraft:wooden_axe":1,"minecraft:iron_leggings":2,"minecraft:gold_ingot":3,"minecraft:torch":16}},"DataVersion":3465}