{"stats":{"minecraft:dropped":{"minecraft:vine":1,"minecraft:wheat_seeds":3,"minecraft:glass_bottle":8,"simplefarming:radish_seeds":1,"minecraft:oak_planks":8,"simplefarming:pea_seeds":2,"minecraft:dirt":7,"tombstone:grave_key":1},"minecraft:mined":{"quark:oak_chest":2,"minecraft:crafting_table":3,"minecraft:grass_block":48,"minecraft:decorated_pot":1,"minecraft:tall_grass":31,"minecraft:sugar_cane":1,"minecraft:oak_planks":1,"supplementaries:urn":3,"minecraft:iron_ore":1,"minecraft:fire":1,"minecraft:yellow_bed":3,"minecraft:azure_bluet":11,"minecraft:grass":18,"minecraft:oak_log":51,"minecraft:coal_ore":25,"minecraft:dirt":34,"simplefarming:chicory":5,"minecraft:stone":59,"minecraft:oak_leaves":3},"minecraft:crafted":{"minecraft:oak_planks":180,"minecraft:crafting_table":2,"minecraft:wooden_pickaxe":2,"minecraft:stone_axe":1,"minecraft:ladder":20,"minecraft:stick":12,"quark:oak_chest":2,"minecraft:stone_pickaxe":1,"minecraft:wooden_axe":2,"minecraft:stone_sword":1,"minecraft:torch":8},"minecraft:used":{"minecraft:water_bucket":3,"minecraft:stone_pickaxe":40,"minecraft:oak_planks":25,"minecraft:ladder":19,"minecraft:decorated_pot":1,"minecraft:wooden_pickaxe":48,"minecraft:torch":8,"minecraft:dirt":82,"minecraft:crafting_table":4,"simplefarming:blueberries":7,"minecraft:azure_bluet":12,"minecraft:axolotl_bucket":1,"simplefarming:raspberries":2,"minecraft:oak_log":6,"minecraft:wooden_axe":56,"minecraft:bread":5,"minecraft:iron_helmet":1,"minecraft:stone_axe":1,"minecraft:sweet_berries":24,"minecraft:bucket":4,"tombstone:gift":2,"minecraft:yellow_bed":3,"quark:oak_chest":4,"simplefarming:chicory_root":4},"minecraft:picked_up":{"simplefarming:pea_seeds":3,"minecraft:crafting_table":3,"minecraft:azure_bluet":12,"simplefarming:soybean_seeds":1,"minecraft:water_bucket":1,"minecraft:salmon":11,"simplefarming:chicory_root":13,"minecraft:potion":3,"minecraft:oak_log":51,"supplementaries:flax_seeds":1,"minecraft:yellow_bed":3,"minecraft:dirt":94,"minecraft:wheat_seeds":8,"minecraft:raw_gold":3,"minecraft:glass_bottle":8,"minecraft:sugar_cane":1,"minecraft:oak_planks":9,"minecraft:stick":7,"minecraft:raw_iron":7,"minecraft:black_candle":1,"minecraft:sweet_berries":16,"simplefarming:cantaloupe_seeds":1,"simplefarming:radish_seeds":1,"minecraft:axolotl_bucket":1,"simplefarming:blueberries":7,"simplefarming:raspberries":5,"quark:oak_chest":2,"minecraft:diamond":2,"minecraft:decorated_pot":1,"minecraft:iron_helmet":1,"minecraft:emerald":1,"supplementaries:ash":8,"minecraft:oak_sapling":6,"simplefarming:cassava_seeds":2,"minecraft:obsidian":14,"minecraft:cod":3,"minecraft:coal":25,"minecraft:cobblestone":59},"minecraft:custom":{"minecraft:interact_with_crafting_table":17,"minecraft:open_barrel":9,"minecraft:eat_cake_slice":2,"minecraft:leave_game":7,"minecraft:time_since_death":369,"minecraft:sleep_in_bed":4,"minecraft:climb_one_cm":16126,"minecraft:time_since_rest":1,"minecraft:sprint_one_cm":126441,"minecraft:damage_taken":1227,"minecraft:walk_one_cm":291784,"minecraft:drop":14,"minecraft:damage_dealt":49,"minecraft:swim_one_cm":10248,"minecraft:talked_to_villager":2,"minecraft:fly_one_cm":186047,"minecraft:open_chest":19,"minecraft:crouch_one_cm":4802,"minecraft:play_time":68725,"minecraft:deaths":3,"minecraft:sneak_time":1611,"minecraft:walk_under_water_one_cm":1103,"minecraft:jump":1206,"minecraft:walk_on_water_one_cm":1305,"minecraft:total_world_time":68725,"minecraft:fall_one_cm":36936}},"DataVersion":3465}