{"stats":{"minecraft:killed":{"born_in_chaos_v1:restless_spirit":1,"minecraft:spider":1,"alexsmobs:blue_jay":1,"born_in_chaos_v1:decrepit_skeleton":1,"minecraft:trader_llama":2},"minecraft:custom":{"minecraft:mob_kills":6,"minecraft:interact_with_crafting_table":35,"minecraft:leave_game":2,"minecraft:time_since_death":114380,"minecraft:climb_one_cm":7775,"minecraft:sprint_one_cm":184674,"minecraft:walk_one_cm":1097633,"minecraft:drop":17,"minecraft:talked_to_villager":4,"minecraft:play_time":186157,"minecraft:deaths":4,"minecraft:sneak_time":5818,"minecraft:walk_under_water_one_cm":10117,"minecraft:jump":2389,"minecraft:walk_on_water_one_cm":8366,"minecraft:total_world_time":186157,"minecraft:interact_with_furnace":24,"minecraft:sleep_in_bed":7,"minecraft:time_since_rest":19622,"minecraft:damage_taken":1928,"minecraft:damage_dealt":1871,"minecraft:swim_one_cm":2937,"minecraft:fly_one_cm":159660,"minecraft:open_chest":79,"minecraft:crouch_one_cm":23908,"tombstone:undead_killed":1,"minecraft:fall_one_cm":27325},"minecraft:picked_up":{"minecraft:crafting_table":3,"simplefarming:pea_seeds":5,"minecraft:wheat":23,"minecraft:clay_ball":20,"simplefarming:yam":2,"minecraft:lead":2,"minecraft:brown_bed":1,"simplefarming:rice":2,"minecraft:string":2,"minecraft:moss_carpet":4,"simplefarming:sorghum_seeds":1,"simplefarming:pea_pod":6,"minecraft:beetroot":2,"minecraft:white_tulip":2,"simplefarming:peanut":6,"simplefarming:barley_seeds":4,"simplefarming:barley":1,"minecraft:stick":13,"minecraft:raw_iron":4,"ecologics:coconut_slice":4,"simplefarming:yam_seeds":4,"minecraft:acacia_log":14,"simplefarming:raspberries":24,"minecraft:cherry_log":7,"minecraft:carrot":2,"simplefarming:sweet_potato":6,"simplefarming:radish":3,"simplefarming:lettuce":4,"minecraft:rotten_flesh":9,"simplefarming:pepper_seeds":6,"minecraft:beetroot_seeds":6,"quark:acacia_chest":1,"minecraft:peony":3,"quark:calcite_bricks":1,"simplefarming:strawberries":17,"minecraft:pink_tulip":1,"supplementaries:ash":1,"minecraft:cobblestone":20,"minecraft:pink_petals":49,"born_in_chaos_v1:corpse_maggot":10,"simplefarming:soybean_seeds":10,"minecraft:cherry_planks":5,"minecraft:cherry_leaves":154,"minecraft:water_bucket":1,"minecraft:leather":1,"minecraft:acacia_leaves":74,"simplefarming:soybean":13,"quark:hollow_acacia_log":1,"minecraft:oak_log":5,"minecraft:dirt":119,"minecraft:blue_bed":2,"simplefarming:grape_seeds":1,"minecraft:bone":1,"minecraft:wheat_seeds":86,"simplefarming:kenaf_seeds":1,"simplefarming:lettuce_seeds":3,"simplefarming:pepper":5,"minecraft:bamboo":154,"simplefarming:peanut_seeds":4,"simplefarming:rice_seeds":5,"minecraft:sweet_berries":15,"simplefarming:radish_seeds":2,"simplefarming:blueberries":4,"minecraft:sand":2,"simplefarming:squash_seeds":1,"minecraft:purple_bed":1,"simplefarming:strawberry_bush":3,"simplefarming:sweet_potato_seeds":4,"minecraft:cherry_sapling":16,"minecraft:bone_meal":5,"minecraft:grass":6,"minecraft:oak_sapling":1,"minecraft:coal":37},"minecraft:used":{"minecraft:peony":2,"minecraft:cherry_sapling":5,"minecraft:stone_sword":146,"simplefarming:soybean_seeds":3,"quark:calcite_bricks":1,"minecraft:grass":6,"minecraft:stone_hoe":55,"minecraft:rotten_flesh":3,"quark:cherry_chest":2,"minecraft:dirt":76,"simplefarming:yam_seeds":2,"simplefarming:rice_seeds":2,"simplefarming:blueberries":4,"simplefarming:raspberries":5,"born_in_chaos_v1:corpse_maggot":10,"simplefarming:kenaf_seeds":1,"quark:spruce_chest":1,"minecraft:iron_axe":20,"simplefarming:sorghum_seeds":1,"simplefarming:pepper_seeds":1,"simplefarming:pea_seeds":2,"minecraft:bamboo":47,"minecraft:sweet_berries":11,"supplementaries:ash":1,"minecraft:furnace":1,"minecraft:brown_bed":1,"minecraft:wheat_seeds":53,"simplefarming:grape_seeds":1,"minecraft:water_bucket":15,"minecraft:pink_tulip":1,"minecraft:stone_pickaxe":65,"simplefarming:soybean":3,"minecraft:wooden_pickaxe":23,"minecraft:cherry_planks":1,"minecraft:composter":1,"minecraft:blue_bed":2,"simplefarming:radish":2,"simplefarming:strawberries":7,"minecraft:crafting_table":3,"quark:acacia_chest":3,"simplefarming:sweet_potato_seeds":1,"quark:hollow_acacia_log":1,"minecraft:acacia_leaves":74,"minecraft:shears":236,"simplefarming:baked_sweet_potato":1,"simplefarming:radish_seeds":2,"simplefarming:barley_seeds":2,"simplefarming:strawberry_bush":1,"minecraft:bread":1,"simplefarming:lettuce_seeds":2,"quark:bamboo_chest":2,"simplefarming:peanut_seeds":2,"minecraft:stone_axe":96,"minecraft:pink_petals":12,"minecraft:purple_bed":1,"minecraft:bucket":15,"alexsmobs:animal_dictionary":1,"minecraft:bone_meal":5},"minecraft:dropped":{"minecraft:bread":3,"ecologics:coconut_slice":2,"minecraft:stone_sword":1,"minecraft:beetroot":1,"simplefarming:tofu":6,"simplefarming:raspberries":12,"simplefarming:strawberries":2},"minecraft:mined":{"minecraft:farmland":1,"minecraft:cherry_log":7,"minecraft:acacia_log":16,"minecraft:grass_block":57,"quark:acacia_chest":1,"minecraft:iron_ore":4,"minecraft:moss_carpet":4,"minecraft:peony":3,"minecraft:brown_bed":1,"minecraft:bamboo_sapling":2,"minecraft:bamboo":26,"minecraft:stone":20,"minecraft:white_tulip":1,"simplefarming:strawberry_bush":1,"quark:hollow_acacia_log":1,"minecraft:acacia_leaves":92,"minecraft:cherry_planks":2,"minecraft:clay":6,"minecraft:crafting_table":3,"minecraft:tall_grass":258,"minecraft:blue_bed":3,"minecraft:pink_petals":14,"farmersdelight:wild_beetroots":6,"minecraft:purple_bed":1,"minecraft:wheat":4,"minecraft:grass":128,"minecraft:coal_ore":37,"minecraft:oak_log":3,"minecraft:cherry_leaves":165,"minecraft:sand":2,"minecraft:dirt":34,"minecraft:oak_leaves":13,"minecraft:fern":2},"minecraft:broken":{"minecraft:stone_sword":1,"minecraft:shears":1},"minecraft:crafted":{"minecraft:brick":4,"minecraft:cherry_planks":28,"minecraft:oak_planks":16,"minecraft:furnace":1,"quark:cherry_chest":2,"minecraft:pink_dye":2,"minecraft:bamboo_block":11,"quark:acacia_chest":2,"minecraft:iron_axe":1,"minecraft:stone_pickaxe":1,"quark:spruce_chest":1,"simplefarming:baked_sweet_potato":6,"minecraft:stone_hoe":1,"minecraft:oak_slab":12,"minecraft:crafting_table":1,"minecraft:spruce_planks":8,"minecraft:wooden_pickaxe":1,"simplefarming:baked_yam":2,"minecraft:bucket":1,"minecraft:stone_axe":1,"minecraft:air":0,"quark:bamboo_chest":2,"minecraft:stick":24,"minecraft:iron_pickaxe":1,"minecraft:iron_ingot":4,"minecraft:stone_sword":2,"simplefarming:tofu":6,"minecraft:composter":1,"minecraft:acacia_planks":56,"minecraft:shears":1}},"DataVersion":3465}