{"stats":{"minecraft:killed":{"minecraft:spider":1,"born_in_chaos_v1:zombie_bruiser":1,"minecraft:skeleton":1,"alexsmobs:blue_jay":1,"born_in_chaos_v1:baby_skeleton":1,"minecraft:creeper":1,"born_in_chaos_v1:decrepit_skeleton":1,"born_in_chaos_v1:bloody_gadfly":1,"minecraft:zombie":1,"born_in_chaos_v1:corpse_fly":4,"born_in_chaos_v1:dark_vortex":1},"minecraft:custom":{"minecraft:mob_kills":14,"minecraft:interact_with_crafting_table":32,"minecraft:leave_game":3,"minecraft:time_since_death":202808,"minecraft:climb_one_cm":12799,"minecraft:sprint_one_cm":162103,"minecraft:walk_one_cm":790391,"minecraft:drop":16,"minecraft:play_time":230221,"minecraft:deaths":1,"minecraft:sneak_time":5044,"minecraft:walk_under_water_one_cm":1892,"minecraft:jump":2650,"minecraft:walk_on_water_one_cm":1187,"minecraft:total_world_time":230221,"minecraft:interact_with_furnace":4,"minecraft:sleep_in_bed":7,"minecraft:time_since_rest":19015,"minecraft:damage_taken":1550,"minecraft:damage_dealt":2436,"minecraft:swim_one_cm":884,"minecraft:fly_one_cm":191397,"minecraft:open_chest":30,"minecraft:crouch_one_cm":16042,"tombstone:undead_killed":5,"minecraft:fall_one_cm":50136},"minecraft:picked_up":{"minecraft:coarse_dirt":2,"minecraft:ladder":12,"born_in_chaos_v1:river_mint":2,"minecraft:brown_bed":1,"born_in_chaos_v1:bloody_gadfly_eye":1,"minecraft:amethyst_block":20,"minecraft:calcite":453,"simplefarming:barley_seeds":1,"simplefarming:spinach_seeds":1,"minecraft:stick":5,"minecraft:raw_iron":22,"minecraft:cherry_stairs":4,"simplefarming:yam_seeds":1,"minecraft:torch":5,"minecraft:acacia_log":1,"simplefarming:raspberries":7,"minecraft:cherry_log":217,"minecraft:carrot":17,"minecraft:stone_sword":1,"minecraft:rotten_flesh":5,"quark:calcite_bricks":5,"simplefarming:strawberries":14,"minecraft:cobblestone":224,"minecraft:pink_petals":22,"born_in_chaos_v1:corpse_maggot":3,"minecraft:feather":1,"minecraft:cherry_planks":154,"quark:vertical_cherry_planks":36,"quark:polished_calcite":5,"minecraft:potato":1,"minecraft:oak_log":2,"minecraft:magenta_bed":1,"minecraft:blue_bed":1,"minecraft:dirt":117,"minecraft:bone":2,"minecraft:wheat_seeds":14,"simplefarming:kenaf_seeds":1,"simplefarming:tofu":6,"simplefarming:peanut_seeds":2,"minecraft:smooth_basalt":15,"born_in_chaos_v1:ethereal_spirit":3,"simplefarming:blueberries":6,"born_in_chaos_v1:dark_rod":1,"minecraft:amethyst_shard":4,"minecraft:spider_eye":1,"minecraft:purple_bed":1,"simplefarming:strawberry_bush":2,"minecraft:cherry_sapling":4,"minecraft:emerald":1,"minecraft:bread":3,"minecraft:baked_potato":8,"minecraft:coal":47},"minecraft:used":{"minecraft:beetroot":1,"quark:calcite_bricks_stairs":3,"minecraft:cherry_sapling":2,"minecraft:stone_sword":13,"minecraft:acacia_log":1,"minecraft:stone_shovel":29,"minecraft:ladder":24,"quark:calcite_bricks":239,"minecraft:iron_sword":44,"minecraft:torch":20,"minecraft:dirt":115,"minecraft:carrot":24,"simplefarming:blueberries":6,"simplefarming:raspberries":14,"minecraft:wooden_axe":118,"quark:vertical_cherry_planks":36,"minecraft:cherry_log":3,"minecraft:brown_bed":1,"minecraft:calcite":5,"minecraft:water_bucket":2,"quark:polished_calcite":5,"minecraft:stone_pickaxe":551,"minecraft:baked_potato":8,"minecraft:cherry_planks":853,"minecraft:blue_bed":1,"simplefarming:strawberries":14,"minecraft:crafting_table":2,"minecraft:magenta_bed":1,"minecraft:cherry_door":2,"simplefarming:strawberry_bush":4,"minecraft:bread":3,"minecraft:iron_pickaxe":252,"simplefarming:peanut_seeds":1,"minecraft:stone_axe":201,"ecologics:coconut_slice":2,"minecraft:cobblestone":29,"minecraft:cherry_stairs":49,"minecraft:purple_bed":1,"minecraft:bucket":3,"minecraft:coarse_dirt":2},"minecraft:dropped":{"minecraft:water_bucket":1,"minecraft:wheat_seeds":5,"minecraft:oak_log":2,"minecraft:stick":1,"minecraft:cherry_planks":6,"minecraft:pink_petals":3,"minecraft:bone":1,"minecraft:cherry_sapling":1,"minecraft:rotten_flesh":3,"born_in_chaos_v1:corpse_maggot":3},"minecraft:mined":{"minecraft:large_amethyst_bud":1,"minecraft:cherry_log":217,"minecraft:ladder":12,"minecraft:budding_amethyst":1,"minecraft:grass_block":46,"minecraft:carrots":1,"minecraft:iron_ore":22,"quark:calcite_bricks":6,"quark:polished_calcite":5,"minecraft:peony":2,"minecraft:potatoes":1,"minecraft:azalea_leaves":1,"minecraft:stone":219,"simplefarming:strawberry_bush":2,"minecraft:cherry_stairs":6,"simplefarming:peanuts":1,"minecraft:cherry_planks":153,"minecraft:amethyst_cluster":1,"minecraft:torch":1,"minecraft:emerald_ore":1,"minecraft:calcite":456,"minecraft:tall_grass":28,"minecraft:cobblestone":4,"minecraft:wall_torch":2,"minecraft:amethyst_block":21,"minecraft:pink_petals":5,"minecraft:purple_bed":1,"minecraft:coarse_dirt":2,"minecraft:magenta_bed":1,"born_in_chaos_v1:river_mint":2,"quark:vertical_cherry_planks":36,"minecraft:grass":98,"minecraft:coal_ore":47,"minecraft:cherry_leaves":28,"minecraft:dirt":53,"minecraft:smooth_basalt":16},"minecraft:broken":{"minecraft:stone_pickaxe":4,"minecraft:stone_axe":1,"minecraft:iron_pickaxe":1,"minecraft:wooden_axe":2},"minecraft:crafted":{"minecraft:cherry_planks":892,"minecraft:oak_planks":4,"minecraft:stone_shovel":1,"quark:calcite_bricks_stairs":4,"minecraft:ladder":16,"minecraft:cherry_stairs":52,"minecraft:stone_pickaxe":4,"minecraft:crafting_table":2,"quark:calcite_bricks":240,"minecraft:iron_sword":1,"quark:polished_calcite":240,"minecraft:stone_axe":2,"quark:vertical_cherry_planks":36,"minecraft:wooden_hoe":1,"minecraft:stick":36,"minecraft:iron_pickaxe":1,"minecraft:iron_ingot":22,"minecraft:wooden_axe":2,"minecraft:cherry_door":3,"minecraft:torch":20}},"DataVersion":3465}