{
  "mowziesmobs:root": {
    "criteria": {
      "custom_test_name": "2024-06-20 03:33:18 +0000"
    },
    "done": true
  },
  "born_in_chaos_v1:bornin_chaos": {
    "criteria": {
      "bornin_chaos_0": "2024-06-20 03:33:18 +0000"
    },
    "done": true
  },
  "farmersdelight:main/root": {
    "criteria": {
      "seeds": "2024-06-20 03:33:18 +0000"
    },
    "done": true
  },
  "cataclysm:root": {
    "criteria": {
      "custom_test_name": "2024-06-20 03:33:18 +0000"
    },
    "done": true
  },
  "minecraft:adventure/adventuring_time": {
    "criteria": {
      "minecraft:cherry_grove": "2024-06-20 04:08:50 +0000",
      "minecraft:sunflower_plains": "2024-06-20 23:35:52 +0000",
      "minecraft:savanna_plateau": "2024-06-20 03:33:40 +0000",
      "minecraft:beach": "2024-06-20 04:26:25 +0000",
      "minecraft:river": "2024-06-20 23:32:26 +0000",
      "minecraft:forest": "2024-06-20 04:12:18 +0000",
      "minecraft:savanna": "2024-06-20 03:33:19 +0000",
      "minecraft:plains": "2024-06-20 04:07:31 +0000"
    },
    "done": false
  },
  "tombstone:adventure/root": {
    "criteria": {
      "auto": "2024-06-20 03:33:19 +0000"
    },
    "done": true
  },
  "minecraft:husbandry/root": {
    "criteria": {
      "consumed_item": "2024-06-20 04:05:44 +0000"
    },
    "done": true
  },
  "alexsmobs:alexsmobs/root": {
    "criteria": {
      "useitem": "2024-06-20 04:05:44 +0000"
    },
    "done": true
  },
  "simplefarming:berries": {
    "criteria": {
      "blueberries": "2024-06-20 04:07:24 +0000",
      "strawberries": "2024-06-20 04:10:06 +0000",
      "raspberries": "2024-06-20 04:07:18 +0000"
    },
    "done": false
  },
  "simplefarming:root": {
    "criteria": {
      "pickup_seed": "2024-06-20 04:09:11 +0000"
    },
    "done": true
  },
  "minecraft:story/root": {
    "criteria": {
      "crafting_table": "2024-06-20 04:11:12 +0000"
    },
    "done": true
  },
  "tombstone:adventure/first_grave": {
    "criteria": {
      "coded_trigger": "2024-06-20 04:15:15 +0000"
    },
    "done": true
  },
  "tombstone:recipes/from_grave_key": {
    "criteria": {
      "has_ingredient": "2024-06-20 04:15:17 +0000"
    },
    "done": true
  },
  "tombstone:adventure/cancel_ghostly_shape": {
    "criteria": {
      "coded_trigger": "2024-06-20 04:16:43 +0000"
    },
    "done": true
  },
  "minecraft:story/mine_stone": {
    "criteria": {
      "get_stone": "2024-06-20 04:19:52 +0000"
    },
    "done": true
  },
  "minecraft:story/upgrade_tools": {
    "criteria": {
      "stone_pickaxe": "2024-06-20 04:20:22 +0000"
    },
    "done": true
  },
  "minecraft:adventure/root": {
    "criteria": {
      "killed_something": "2024-06-20 04:36:55 +0000"
    },
    "done": true
  },
  "minecraft:story/smelt_iron": {
    "criteria": {
      "iron": "2024-06-20 04:48:19 +0000"
    },
    "done": true
  },
  "farmersdelight:main/get_fd_seed": {
    "criteria": {
      "rice": "2024-06-20 23:31:02 +0000"
    },
    "done": true
  },
  "minecraft:story/form_obsidian": {
    "criteria": {
      "obsidian": "2024-06-20 23:32:13 +0000"
    },
    "done": true
  },
  "minecraft:husbandry/balanced_diet": {
    "criteria": {
      "sweet_berries": "2024-06-21 00:09:12 +0000",
      "bread": "2024-06-20 23:34:25 +0000",
      "rotten_flesh": "2024-06-20 23:56:56 +0000"
    },
    "done": false
  },
  "minecraft:adventure/sleep_in_bed": {
    "criteria": {
      "slept_in_bed": "2024-06-20 23:40:36 +0000"
    },
    "done": true
  },
  "minecraft:adventure/kill_all_mobs": {
    "criteria": {
      "minecraft:spider": "2024-06-21 01:00:54 +0000"
    },
    "done": false
  },
  "simplefarming:crops": {
    "criteria": {
      "pepper": "2024-06-21 00:36:19 +0000",
      "soybean": "2024-06-21 00:34:14 +0000",
      "yam": "2024-06-21 00:47:45 +0000",
      "pea_pod": "2024-06-21 00:47:37 +0000",
      "radish": "2024-06-21 00:47:52 +0000",
      "sweet_potato": "2024-06-21 00:17:43 +0000",
      "lettuce": "2024-06-21 01:04:48 +0000",
      "peanut": "2024-06-21 00:47:24 +0000"
    },
    "done": false
  },
  "minecraft:story/iron_tools": {
    "criteria": {
      "iron_pickaxe": "2024-06-21 01:15:50 +0000"
    },
    "done": true
  },
  "minecraft:adventure/kill_a_mob": {
    "criteria": {
      "minecraft:spider": "2024-06-21 01:00:54 +0000"
    },
    "done": true
  },
  "minecraft:husbandry/plant_seed": {
    "criteria": {
      "wheat": "2024-06-21 00:05:53 +0000"
    },
    "done": true
  },
  "farmersdelight:main/plant_all_crops": {
    "criteria": {
      "wheat": "2024-06-21 00:05:53 +0000"
    },
    "done": false
  },
  "DataVersion": 3465
}